{"name":"51e63f27-45d8-4f5c-b0b1-77f41c80bbb3","id":"/providers/Microsoft.Flow/flows/51e63f27-45d8-4f5c-b0b1-77f41c80bbb3","type":"Microsoft.Flow/flows","properties":{"apiId":"/providers/Microsoft.PowerApps/apis/shared_logicflows","displayName":"Central approval flow","definition":{"metadata":{"workflowEntityId":null,"creator":{"id":"603164d3-1460-484e-b44b-a4f7bdb2df34","type":"User","tenantId":"3aad59e2-dbed-4fc0-9780-91156f9e0bc4"},"provisioningMethod":"FromDefinition","failureAlertSubscription":true,"clientLastModifiedTime":"2019-09-23T20:33:58.7835078Z"},"$schema":"https://schema.management.azure.com/providers/Microsoft.Logic/schemas/2016-06-01/workflowdefinition.json#","contentVersion":"1.0.0.0","parameters":{"$connections":{"defaultValue":{},"type":"Object"},"$authentication":{"defaultValue":{},"type":"SecureObject"},"sharepoint.site":{"defaultValue":"","type":"String"},"sharepoint.list":{"defaultValue":"","type":"String"}},"triggers":{"When_a_new_item_is_created":{"recurrence":{"interval":1,"frequency":"Minute"},"splitOn":"@triggerBody()?.value","metadata":{"flowSystemMetadata":{"swaggerOperationId":"GetOnNewItems"}},"type":"ApiConnection","inputs":{"host":{"connection":{"name":"@parameters('$connections')['shared_sharepointonline']['connectionId']"},"api":{"runtimeUrl":"https://uk-001.azure-apim.net/apim/sharepointonline"}},"method":"get","path":"/datasets/@{encodeURIComponent(encodeURIComponent('https://cpsdemose5.sharepoint.com/teams/CrossSiteApprovalsDemo'))}/tables/@{encodeURIComponent(encodeURIComponent('Approvals'))}/onnewitems","authentication":"@parameters('$authentication')"},"conditions":[]}},"actions":{"Start_an_approval":{"runAfter":{"Get_item_to_approve":["Succeeded"]},"metadata":{"flowSystemMetadata":{"swaggerOperationId":"approvalSubscribe"}},"type":"ApiConnectionWebhook","inputs":{"host":{"connection":{"name":"@parameters('$connections')['shared_approvals']['connectionId']"},"api":{"runtimeUrl":"https://uk-001.azure-apim.net/apim/approvals"}},"body":{"NotificationUrl":"@listCallbackUrl()","title":"Please review: ","assignedTo":"Alan.Eardley@CPSDemosE5.onmicrosoft.com;","details":"@{triggerBody()?['Author']?['DisplayName']} at @{triggerBody()?['Created']}","itemLink":"@triggerBody()?['{Link}']","itemLinkDescription":"@triggerBody()?['{Name}']"},"path":"/basic/$subscriptions","authentication":"@parameters('$authentication')"}},"Condition":{"actions":{"Inform_item_creator_of_approval":{"runAfter":{"Mark_item_as_approved":["Succeeded"]},"metadata":{"flowSystemMetadata":{"swaggerOperationId":"SendEmail"}},"type":"ApiConnection","inputs":{"host":{"connection":{"name":"@parameters('$connections')['shared_office365']['connectionId']"},"api":{"runtimeUrl":"https://uk-001.azure-apim.net/apim/office365"}},"method":"post","body":{"To":"@{triggerBody()?['EditorEmail']};","Subject":"Item: @{triggerBody()?['Title']} approved","Body":"Your request for @{triggerBody()?['Title']} has been approved by @{body('Start_an_approval')?['responder']?['displayName']}. Comments (if any): @{body('Start_an_approval')?['comments']}"},"path":"/Mail","authentication":"@parameters('$authentication')"}},"Mark_item_as_approved":{"runAfter":{"Get_file_metadata":["Succeeded"]},"metadata":{"flowSystemMetadata":{"swaggerOperationId":"SetApprovalStatus"}},"type":"ApiConnection","inputs":{"host":{"connection":{"name":"@parameters('$connections')['shared_sharepointonline']['connectionId']"},"api":{"runtimeUrl":"https://uk-001.azure-apim.net/apim/sharepointonline"}},"method":"post","path":"/datasets/@{encodeURIComponent(encodeURIComponent('https://cpsdemose5.sharepoint.com',triggerBody()?['SiteUrl']))}/tables/@{encodeURIComponent(encodeURIComponent(body('Source_list_details')?['d']?['Title']))}/items/@{encodeURIComponent(encodeURIComponent(body('Get_file_metadata')?['ItemId']))}/setapprovalstatus","queries":{"approvalAction":"Approve","comments":"@body('Start_an_approval')?['comments']","entityTag":"@body('Get_file_metadata')?['ETag']"},"authentication":"@parameters('$authentication')"}},"Get_file_metadata":{"runAfter":{},"metadata":{"%252fSitePages%252fSample-webhook-trigger.aspx":"/SitePages/Sample-webhook-trigger.aspx","flowSystemMetadata":{"swaggerOperationId":"GetFileMetadata"}},"type":"ApiConnection","inputs":{"host":{"connection":{"name":"@parameters('$connections')['shared_sharepointonline']['connectionId']"},"api":{"runtimeUrl":"https://uk-001.azure-apim.net/apim/sharepointonline"}},"method":"get","path":"/datasets/@{encodeURIComponent(encodeURIComponent('https://cpsdemose5.sharepoint.com/teams/CrossSiteApprovalsDemo'))}/files/@{encodeURIComponent('%252fSitePages%252fSample-webhook-trigger.aspx')}","authentication":"@parameters('$authentication')"}}},"runAfter":{"Start_an_approval":["Succeeded"]},"else":{"actions":{"Inform_item_creator_of_rejection":{"runAfter":{"Mark_item_as_rejected":["Succeeded"]},"metadata":{"flowSystemMetadata":{"swaggerOperationId":"SendEmail"}},"type":"ApiConnection","inputs":{"host":{"connection":{"name":"@parameters('$connections')['shared_office365']['connectionId']"},"api":{"runtimeUrl":"https://uk-001.azure-apim.net/apim/office365"}},"method":"post","body":{"To":"@{triggerBody()?['Author']?['Email']}","Subject":"Item: @{triggerBody()?['Title']} rejected","Body":"Your request for @{triggerBody()?['Title']} has been rejected by @{body('Start_an_approval')?['responder']?['displayName']}. Comments (if any): @{body('Start_an_approval')?['comments']}"},"path":"/Mail","authentication":"@parameters('$authentication')"}},"Mark_item_as_rejected":{"runAfter":{},"metadata":{"flowSystemMetadata":{"swaggerOperationId":"SetApprovalStatus"}},"type":"ApiConnection","inputs":{"host":{"connection":{"name":"@parameters('$connections')['shared_sharepointonline']['connectionId']"},"api":{"runtimeUrl":"https://uk-001.azure-apim.net/apim/sharepointonline"}},"method":"post","path":"/datasets/@{encodeURIComponent(encodeURIComponent('https://cpsdemose5.sharepoint.com', triggerBody()?['SiteUrl']))}/tables/@{encodeURIComponent(encodeURIComponent(body('Source_list_details')?['d']?['Title']))}/items/@{encodeURIComponent(encodeURIComponent(triggerBody()?['ItemId']))}/setapprovalstatus","queries":{"approvalAction":"Reject","comments":"@body('Start_an_approval')?['comments']","entityTag":"@body('Source_list_details')?['d']?['__metadata']?['etag']"},"authentication":"@parameters('$authentication')"}}}},"expression":"@equals(body('Start_an_approval')?['response'], 'Approve')","type":"If"},"Get_my_profile_(V2)":{"runAfter":{"Start_an_approval":["Failed"]},"metadata":{"flowSystemMetadata":{"swaggerOperationId":"MyProfile_V2"}},"type":"ApiConnection","inputs":{"host":{"connection":{"name":"@parameters('$connections')['shared_office365users']['connectionId']"},"api":{"runtimeUrl":"https://uk-001.azure-apim.net/apim/office365users"}},"method":"get","path":"/codeless/v1.0/me","queries":{"$select":"Mail"},"authentication":"@parameters('$authentication')"}},"Send_an_email_(V2)":{"runAfter":{"Get_my_profile_(V2)":["Succeeded"]},"metadata":{"flowSystemMetadata":{"swaggerOperationId":"SendEmailV2"}},"type":"ApiConnection","inputs":{"host":{"connection":{"name":"@parameters('$connections')['shared_office365']['connectionId']"},"api":{"runtimeUrl":"https://uk-001.azure-apim.net/apim/office365"}},"method":"post","body":{"To":"@{body('Get_my_profile_(V2)')?['mail']};","Subject":"Start an Approval action failed","Body":"<p>Start an Approval action failed. Please check the values assigned for the action.</p>"},"path":"/v2/Mail","authentication":"@parameters('$authentication')"}},"Terminate":{"runAfter":{"Send_an_email_(V2)":["Succeeded"]},"type":"Terminate","inputs":{"runStatus":"Succeeded"}},"Get_source_list":{"runAfter":{},"metadata":{"flowSystemMetadata":{"swaggerOperationId":"HttpRequest"}},"type":"ApiConnection","inputs":{"host":{"connection":{"name":"@parameters('$connections')['shared_sharepointonline']['connectionId']"},"api":{"runtimeUrl":"https://uk-001.azure-apim.net/apim/sharepointonline"}},"method":"post","body":{"method":"GET","uri":"_api/web/lists(guid'@{triggerBody()?['Resource']}')"},"path":"/datasets/@{encodeURIComponent(encodeURIComponent('https://cpsdemose5.sharepoint.com',triggerBody()?['SiteUrl']))}/httprequest","authentication":"@parameters('$authentication')"}},"Source_list_details":{"runAfter":{"Get_source_list":["Succeeded"]},"type":"ParseJson","inputs":{"content":"@body('Get_source_list')","schema":{"type":"object","properties":{"d":{"type":"object","properties":{"__metadata":{"type":"object","properties":{"id":{"type":"string"},"uri":{"type":"string"},"etag":{"type":"string"},"type":{"type":"string"}}},"FirstUniqueAncestorSecurableObject":{"type":"object","properties":{"__deferred":{"type":"object","properties":{"uri":{"type":"string"}}}}},"RoleAssignments":{"type":"object","properties":{"__deferred":{"type":"object","properties":{"uri":{"type":"string"}}}}},"ContentTypes":{"type":"object","properties":{"__deferred":{"type":"object","properties":{"uri":{"type":"string"}}}}},"CreatablesInfo":{"type":"object","properties":{"__deferred":{"type":"object","properties":{"uri":{"type":"string"}}}}},"DefaultView":{"type":"object","properties":{"__deferred":{"type":"object","properties":{"uri":{"type":"string"}}}}},"DescriptionResource":{"type":"object","properties":{"__deferred":{"type":"object","properties":{"uri":{"type":"string"}}}}},"EventReceivers":{"type":"object","properties":{"__deferred":{"type":"object","properties":{"uri":{"type":"string"}}}}},"Fields":{"type":"object","properties":{"__deferred":{"type":"object","properties":{"uri":{"type":"string"}}}}},"Forms":{"type":"object","properties":{"__deferred":{"type":"object","properties":{"uri":{"type":"string"}}}}},"InformationRightsManagementSettings":{"type":"object","properties":{"__deferred":{"type":"object","properties":{"uri":{"type":"string"}}}}},"Items":{"type":"object","properties":{"__deferred":{"type":"object","properties":{"uri":{"type":"string"}}}}},"ParentWeb":{"type":"object","properties":{"__deferred":{"type":"object","properties":{"uri":{"type":"string"}}}}},"RootFolder":{"type":"object","properties":{"__deferred":{"type":"object","properties":{"uri":{"type":"string"}}}}},"Subscriptions":{"type":"object","properties":{"__deferred":{"type":"object","properties":{"uri":{"type":"string"}}}}},"TitleResource":{"type":"object","properties":{"__deferred":{"type":"object","properties":{"uri":{"type":"string"}}}}},"UserCustomActions":{"type":"object","properties":{"__deferred":{"type":"object","properties":{"uri":{"type":"string"}}}}},"Views":{"type":"object","properties":{"__deferred":{"type":"object","properties":{"uri":{"type":"string"}}}}},"WorkflowAssociations":{"type":"object","properties":{"__deferred":{"type":"object","properties":{"uri":{"type":"string"}}}}},"AllowContentTypes":{"type":"boolean"},"BaseTemplate":{"type":"integer"},"BaseType":{"type":"integer"},"ContentTypesEnabled":{"type":"boolean"},"CrawlNonDefaultViews":{"type":"boolean"},"Created":{"type":"string"},"CurrentChangeToken":{"type":"object","properties":{"__metadata":{"type":"object","properties":{"type":{"type":"string"}}},"StringValue":{"type":"string"}}},"DefaultContentApprovalWorkflowId":{"type":"string"},"DefaultItemOpenUseListSetting":{"type":"boolean"},"Description":{"type":"string"},"Direction":{"type":"string"},"DisableGridEditing":{"type":"boolean"},"DocumentTemplateUrl":{"type":"string"},"DraftVersionVisibility":{"type":"integer"},"EnableAttachments":{"type":"boolean"},"EnableFolderCreation":{"type":"boolean"},"EnableMinorVersions":{"type":"boolean"},"EnableModeration":{"type":"boolean"},"EnableRequestSignOff":{"type":"boolean"},"EnableVersioning":{"type":"boolean"},"EntityTypeName":{"type":"string"},"ExemptFromBlockDownloadOfNonViewableFiles":{"type":"boolean"},"FileSavePostProcessingEnabled":{"type":"boolean"},"ForceCheckout":{"type":"boolean"},"HasExternalDataSource":{"type":"boolean"},"Hidden":{"type":"boolean"},"Id":{"type":"string"},"ImagePath":{"type":"object","properties":{"__metadata":{"type":"object","properties":{"type":{"type":"string"}}},"DecodedUrl":{"type":"string"}}},"ImageUrl":{"type":"string"},"IrmEnabled":{"type":"boolean"},"IrmExpire":{"type":"boolean"},"IrmReject":{"type":"boolean"},"IsApplicationList":{"type":"boolean"},"IsCatalog":{"type":"boolean"},"IsPrivate":{"type":"boolean"},"ItemCount":{"type":"integer"},"LastItemDeletedDate":{"type":"string"},"LastItemModifiedDate":{"type":"string"},"LastItemUserModifiedDate":{"type":"string"},"ListExperienceOptions":{"type":"integer"},"ListItemEntityTypeFullName":{"type":"string"},"MajorVersionLimit":{"type":"integer"},"MajorWithMinorVersionsLimit":{"type":"integer"},"MultipleDataList":{"type":"boolean"},"NoCrawl":{"type":"boolean"},"ParentWebPath":{"type":"object","properties":{"__metadata":{"type":"object","properties":{"type":{"type":"string"}}},"DecodedUrl":{"type":"string"}}},"ParentWebUrl":{"type":"string"},"ParserDisabled":{"type":"boolean"},"ServerTemplateCanCreateFolders":{"type":"boolean"},"TemplateFeatureId":{"type":"string"},"Title":{"type":"string"}}}}}}},"Get_item_to_approve":{"runAfter":{"Source_list_details":["Succeeded"]},"metadata":{"flowSystemMetadata":{"swaggerOperationId":"GetItem"}},"type":"ApiConnection","inputs":{"host":{"connection":{"name":"@parameters('$connections')['shared_sharepointonline']['connectionId']"},"api":{"runtimeUrl":"https://uk-001.azure-apim.net/apim/sharepointonline"}},"method":"get","path":"/datasets/@{encodeURIComponent(encodeURIComponent('https://cpsdemose5.sharepoint.com',body('Source_list_details')?['d']?['ParentWebUrl']))}/tables/@{encodeURIComponent(encodeURIComponent(body('Source_list_details')?['d']?['Title']))}/items/@{encodeURIComponent(triggerBody()?['ItemId'])}","authentication":"@parameters('$authentication')"}}},"description":"Use this template for processing approvals on SharePoint list items. The approver can view their approval requests in the Approvals Center and over email. Once an item is approved or rejected, the item creator is sent a confirmation email."},"connectionReferences":{"shared_approvals":{"connectionName":"shared-approvals-94405b9c-6231-40aa-87c9-59008cc1870c","source":"Embedded","id":"/providers/Microsoft.PowerApps/apis/shared_approvals","tier":"NotSpecified"},"shared_office365":{"connectionName":"shared-office365-488b38d5-df0f-4f0c-9634-5f66803f2b9e","source":"Embedded","id":"/providers/Microsoft.PowerApps/apis/shared_office365","tier":"NotSpecified"},"shared_sharepointonline":{"connectionName":"9b9c6976620d487dbbc4afe00d94b2a8","source":"Embedded","id":"/providers/Microsoft.PowerApps/apis/shared_sharepointonline","tier":"NotSpecified"},"shared_office365users":{"connectionName":"shared-office365user-0fa84c36-2497-4e26-8fb9-599edd9e27d2","source":"Embedded","id":"/providers/Microsoft.PowerApps/apis/shared_office365users","tier":"NotSpecified"}},"flowFailureAlertSubscribed":false}}