{"name":"4b90711c-e83b-4677-bfbf-080771be312e","id":"/providers/Microsoft.Flow/flows/4b90711c-e83b-4677-bfbf-080771be312e","type":"Microsoft.Flow/flows","properties":{"apiId":"/providers/Microsoft.PowerApps/apis/shared_logicflows","displayName":"Process site request","definition":{"metadata":{"workflowEntityId":null,"creator":{"id":"1a676879-0169-460a-8b71-a5d00eaaf2f4","type":"User","tenantId":"6a0006ff-a17d-4d7e-9612-3174aa905ea9"},"provisioningMethod":"FromDefinition","failureAlertSubscription":true,"clientLastModifiedTime":"2019-10-11T14:52:19.8602461Z"},"$schema":"https://schema.management.azure.com/providers/Microsoft.Logic/schemas/2016-06-01/workflowdefinition.json#","contentVersion":"1.0.0.0","parameters":{"$connections":{"defaultValue":{},"type":"Object"},"$authentication":{"defaultValue":{},"type":"SecureObject"}},"triggers":{"Site_request_added":{"recurrence":{"interval":5,"frequency":"Minute"},"splitOn":"@triggerBody()?['value']","metadata":{"flowSystemMetadata":{"swaggerOperationId":"GetOnNewItems"}},"type":"ApiConnection","inputs":{"host":{"connection":{"name":"@parameters('$connections')['shared_sharepointonline']['connectionId']"},"api":{"runtimeUrl":"https://uk-001.azure-apim.net/apim/sharepointonline"}},"method":"get","path":"/datasets/@{encodeURIComponent(encodeURIComponent('https://glenshire.sharepoint.com/'))}/tables/@{encodeURIComponent(encodeURIComponent('b9110cfb-f1cf-4012-8c2c-8aca8fc10acb'))}/onnewitems","authentication":"@parameters('$authentication')"}}},"actions":{"Initialize_CanvasContent1":{"runAfter":{},"type":"InitializeVariable","inputs":{"variables":[{"name":"CanvasContent1","type":"String","value":"[{'controlType':3,'position':{'zoneIndex':2,'sectionIndex':1,'controlIndex':1,'sectionFactor':0,'layoutIndex':1},'webPartId':'c4bd7b2f-7b6e-4599-8485-16504575f590','webPartData':{'id':'c4bd7b2f-7b6e-4599-8485-16504575f590','properties':{'heroLayoutThreshold':640,'carouselLayoutMaxWidth':639,'isFullWidth':true,'layoutCategory':1,'layout':3,'content':[{'type':'UrlLink','color':4,'title':'New Directorate page','showTitle':true,'showCallToAction':true,'callToActionText':'Learn more','imageDisplayOption':3,'isDefaultImage':false,'isDefaultImageLoaded':false,'isCustomImageLoaded':true,'showFeatureText':false,'image':{'imageUrl':'https://glenshire.sharepoint.com/sites/AssetLibrary/Shared%20Documents/DefaultHeroImage.jpeg','focalPosition':{'x':51.54536390827518,'y':5}},'link':'/sites/@{triggerBody()?['SiteUrl']}'},{'type':'UrlLink','color':5,'title':'Call out page 1','showTitle':true,'callToActionText':'Learn more','imageDisplayOption':2,'isDefaultImage':false,'showCallToAction':true,'isDefaultImageLoaded':false,'isCustomImageLoaded':false,'showFeatureText':false,'link':'/sites/@{triggerBody()?['SiteUrl']}'},{'type':'UrlLink','color':5,'title':'Call out page 2','showTitle':true,'showCallToAction':true,'callToActionText':'Learn more','imageDisplayOption':2,'isDefaultImage':false,'isDefaultImageLoaded':false,'isCustomImageLoaded':false,'showFeatureText':false,'link':'/sites/@{triggerBody()?['SiteUrl']}'}],'useLegacyFourTileStyle':false}}},{'controlType':3,'position':{'zoneIndex':3,'sectionIndex':1,'controlIndex':1,'layoutIndex':1},'webPartId':'8c88f208-6c77-4bdb-86a0-0c47b4316588','webPartData':{'id':'8c88f208-6c77-4bdb-86a0-0c47b4316588'}},{'controlType':3,'position':{'zoneIndex':3,'sectionIndex':1,'controlIndex':2,'layoutIndex':1},'webPartId':'daf0b71c-6de8-4ef7-b511-faae7c388708','webPartData':{'id':'daf0b71c-6de8-4ef7-b511-faae7c388708','properties':{'query':{'contentLocation':5,'contentTypes':[2],'sortType':3,'filters':[{'filterType':1,'value':''}],'documentTypes':[]},'templateId':4,'maxItemsPerPage':8,'hideWebPartWhenEmpty':false,'sites':[],'queryMode':'Basic','layoutId':'FilmStrip','dataProviderId':'Search'}}},{'controlType':3,'position':{'zoneIndex':3,'sectionIndex':1,'controlIndex':3,'layoutIndex':1},'webPartId':'daf0b71c-6de8-4ef7-b511-faae7c388708','webPartData':{'id':'daf0b71c-6de8-4ef7-b511-faae7c388708','properties':{'query':{'contentLocation':5,'contentTypes':[1],'sortType':3,'filters':[{'filterType':1,'value':''}],'documentTypes':[]},'templateId':1,'maxItemsPerPage':8,'hideWebPartWhenEmpty':false,'sites':[],'queryMode':'Basic','layoutId':'Card','dataProviderId':'Search'}}},{'controlType':3,'position':{'zoneIndex':3,'sectionIndex':1,'controlIndex':4,'layoutIndex':1},'webPartId':'7cba020c-5ccb-42e8-b6fc-75b3149aba7b','webPartData':{'id':'7cba020c-5ccb-42e8-b6fc-75b3149aba7b','properties':{'sites':[],'sourceType':1,'itemCount':8,'layoutId':'FilmStrip','dataProviderId':'SitesDataProvider'}}},{'controlType':0,'pageSettingsSlice':{'isDefaultDescription':true,'isDefaultThumbnail':true}}]"}]}},"Check_if_approved_or_rejected":{"actions":{"Process_site_depending_on_type":{"runAfter":{},"cases":{"Directorate_Site":{"case":"Directorate","actions":{"Create_Directorate_Communications_Site":{"runAfter":{},"metadata":{"flowSystemMetadata":{"swaggerOperationId":"HttpRequest"}},"type":"ApiConnection","inputs":{"host":{"connection":{"name":"@parameters('$connections')['shared_sharepointonline']['connectionId']"},"api":{"runtimeUrl":"https://uk-001.azure-apim.net/apim/sharepointonline"}},"method":"post","body":{"method":"POST","uri":"_api/SPSiteManager/create","headers":{"accept":"application/json;odata=verbose"},"body":"{\n  \"request\": {\n    \"Title\": \"@{triggerBody()?['Title']}\",\n    \"Url\":\"@{variables('TenantUrl')}sites/@{triggerBody()?['SiteUrl']}\",\n    \"Lcid\": 1033,\n    \"ShareByEmailEnabled\":false,\n    \"Description\":\"\",\n    \"WebTemplate\":\"SITEPAGEPUBLISHING#0\",\n    \"Owner\":\"@{variables('Flow Owner')}\"\n  }\n}"},"path":"/datasets/@{encodeURIComponent(encodeURIComponent(variables('TenantUrl')))}/httprequest","authentication":"@parameters('$authentication')"}}}},"Department_Site":{"case":"Department","actions":{"Create_Department_Communications_Site":{"runAfter":{},"metadata":{"flowSystemMetadata":{"swaggerOperationId":"HttpRequest"}},"type":"ApiConnection","inputs":{"host":{"connection":{"name":"@parameters('$connections')['shared_sharepointonline']['connectionId']"},"api":{"runtimeUrl":"https://uk-001.azure-apim.net/apim/sharepointonline"}},"method":"post","body":{"method":"POST","uri":"_api/SPSiteManager/create","headers":{"accept":"application/json;odata=verbose"},"body":"{\n  \"request\": {\n    \"Title\": \"@{triggerBody()?['Title']}\",\n    \"Url\":\"@{variables('TenantUrl')}sites/@{triggerBody()?['SiteUrl']}\",\n    \"Lcid\": 1033,\n    \"ShareByEmailEnabled\":false,\n    \"Description\":\"\",\n    \"WebTemplate\":\"SITEPAGEPUBLISHING#0\",\n    \"Owner\":\"@{variables('Flow Owner')}\"\n  }\n}"},"path":"/datasets/@{encodeURIComponent(encodeURIComponent(variables('TenantUrl')))}/httprequest","authentication":"@parameters('$authentication')"}}}}},"default":{"actions":{}},"expression":"@triggerBody()?['SiteType']?['Value']","type":"Switch"},"Check_home_page_exists_and_rename_if_it_does":{"actions":{"Get_file_metadata_using_path":{"runAfter":{},"metadata":{"flowSystemMetadata":{"swaggerOperationId":"GetFileMetadataByPath"}},"type":"ApiConnection","inputs":{"host":{"connection":{"name":"@parameters('$connections')['shared_sharepointonline']['connectionId']"},"api":{"runtimeUrl":"https://uk-001.azure-apim.net/apim/sharepointonline"}},"method":"get","path":"/datasets/@{encodeURIComponent(encodeURIComponent(variables('TenantUrl'),'sites/',triggerBody()?['SiteUrl']))}/GetFileByPath","queries":{"path":"/SitePages/home.aspx","queryParametersSingleEncoded":true},"authentication":"@parameters('$authentication')"}},"Rename_homepage":{"runAfter":{"Get_file_metadata_using_path":["Succeeded"]},"metadata":{"flowSystemMetadata":{"swaggerOperationId":"HttpRequest"}},"type":"ApiConnection","inputs":{"host":{"connection":{"name":"@parameters('$connections')['shared_sharepointonline']['connectionId']"},"api":{"runtimeUrl":"https://uk-001.azure-apim.net/apim/sharepointonline"}},"method":"post","body":{"method":"POST","uri":"_api/web/lists/getbytitle('Site%20Pages')/items(@{body('Get_file_metadata_using_path')?['ItemId']})","headers":{"content-type":"application/json;odata=verbose","IF-MATCH":"*","X-HTTP-Method":"MERGE"},"body":"{\n  '__metadata':{'type':'SP.Data.SitePagesItem'},\n'FileLeafRef':'home@{formatDateTime(utcNow(), 'yyyyMMddhhmmss')}.aspx'\n}"},"path":"/datasets/@{encodeURIComponent(encodeURIComponent(variables('TenantUrl'),'sites/',triggerBody()?['SiteUrl']))}/httprequest","authentication":"@parameters('$authentication')"}}},"runAfter":{"Add_flow_running_account_as_site_collection_administrator":["Succeeded"]},"type":"Scope"},"Create_homepage":{"actions":{"Create_home_page":{"runAfter":{},"metadata":{"flowSystemMetadata":{"swaggerOperationId":"HttpRequest"}},"type":"ApiConnection","inputs":{"host":{"connection":{"name":"@parameters('$connections')['shared_sharepointonline']['connectionId']"},"api":{"runtimeUrl":"https://uk-001.azure-apim.net/apim/sharepointonline"}},"method":"post","body":{"method":"POST","uri":"_api/SitePages/Pages","body":"{\n            Name:\"Home.aspx\",\n            Title: \"Home\",\n            PageLayoutType: \"Home\"\n          }"},"path":"/datasets/@{encodeURIComponent(encodeURIComponent(variables('TenantUrl'),'sites/',triggerBody()?['SiteUrl']))}/httprequest","authentication":"@parameters('$authentication')"}},"Homepage_details":{"runAfter":{"Create_home_page":["Succeeded"]},"type":"ParseJson","inputs":{"content":"@body('Create_home_page')","schema":{"type":"object","properties":{"d":{"type":"object","properties":{"__metadata":{"type":"object","properties":{"id":{"type":"string"},"uri":{"type":"string"},"type":{"type":"string"}}},"CreatedBy":{"type":"object","properties":{"__deferred":{"type":"object","properties":{"uri":{"type":"string"}}}}},"LastModifiedBy":{"type":"object","properties":{"__deferred":{"type":"object","properties":{"uri":{"type":"string"}}}}},"Translations":{"type":"object","properties":{"__deferred":{"type":"object","properties":{"uri":{"type":"string"}}}}},"AbsoluteUrl":{"type":"string"},"AuthorByline":{},"BannerImageUrl":{},"BannerThumbnailUrl":{},"ContentTypeId":{},"Description":{},"DoesUserHaveEditPermission":{"type":"boolean"},"FileName":{"type":"string"},"FirstPublished":{"type":"string"},"Id":{"type":"integer"},"IsPageCheckedOutToCurrentUser":{"type":"boolean"},"IsWebWelcomePage":{"type":"boolean"},"Modified":{"type":"string"},"PageLayoutType":{"type":"string"},"Path":{"type":"object","properties":{"__metadata":{"type":"object","properties":{"type":{"type":"string"}}},"DecodedUrl":{"type":"string"}}},"PromotedState":{"type":"integer"},"Title":{"type":"string"},"TopicHeader":{},"UniqueId":{"type":"string"},"Url":{"type":"string"},"Version":{"type":"string"},"VersionInfo":{"type":"object","properties":{"__metadata":{"type":"object","properties":{"type":{"type":"string"}}},"LastVersionCreated":{"type":"string"},"LastVersionCreatedBy":{"type":"string"}}},"AlternativeUrlMap":{"type":"string"},"CanvasContent1":{},"LayoutWebpartsContent":{}}}}}}},"Save_WebPart_Contents":{"runAfter":{"Homepage_details":["Succeeded"]},"metadata":{"flowSystemMetadata":{"swaggerOperationId":"HttpRequest"}},"type":"ApiConnection","inputs":{"host":{"connection":{"name":"@parameters('$connections')['shared_sharepointonline']['connectionId']"},"api":{"runtimeUrl":"https://uk-001.azure-apim.net/apim/sharepointonline"}},"method":"post","body":{"method":"POST","uri":"_api/sitepages/pages(@{body('Homepage_details')?['d']?['Id']})/SavePage","body":"{\n    \"__metadata\": {\n        \"type\": \"SP.Publishing.SitePage\"\n    },\n    \"CanvasContent1\": \"@{variables('CanvasContent1')}\",\n    \"BannerImageUrl\": \"/_layouts/15/images/sitepagethumbnail.png\"\n}"},"path":"/datasets/@{encodeURIComponent(encodeURIComponent(variables('TenantUrl'),'sites/',triggerBody()?['SiteUrl']))}/httprequest","authentication":"@parameters('$authentication')","retryPolicy":{"type":"none"}}},"Publish_home_page":{"runAfter":{"Save_WebPart_Contents":["Succeeded"]},"metadata":{"flowSystemMetadata":{"swaggerOperationId":"HttpRequest"}},"type":"ApiConnection","inputs":{"host":{"connection":{"name":"@parameters('$connections')['shared_sharepointonline']['connectionId']"},"api":{"runtimeUrl":"https://uk-001.azure-apim.net/apim/sharepointonline"}},"method":"post","body":{"method":"POST","uri":"_api/SitePages/Pages(@{body('Homepage_details')?['d']?['Id']})/publish"},"path":"/datasets/@{encodeURIComponent(encodeURIComponent(variables('TenantUrl'),'sites/',triggerBody()?['SiteUrl']))}/httprequest","authentication":"@parameters('$authentication')"}}},"runAfter":{"Check_home_page_exists_and_rename_if_it_does":["Succeeded"]},"type":"Scope"},"Set_versioning_for_docs_and_pages":{"actions":{"Set_Docs_versioning":{"runAfter":{},"metadata":{"flowSystemMetadata":{"swaggerOperationId":"HttpRequest"}},"type":"ApiConnection","inputs":{"host":{"connection":{"name":"@parameters('$connections')['shared_sharepointonline']['connectionId']"},"api":{"runtimeUrl":"https://uk-001.azure-apim.net/apim/sharepointonline"}},"method":"post","body":{"method":"POST","uri":"_api/web/lists/getByTitle('Documents')","headers":{"IF-MATCH":"*","Accept":"application/json;odata=verbose","X-HTTP-Method":"MERGE"},"body":"{\n            EnableMinorVersions: true,\nEnableModeration: true,\nEnableRequestSignOff: true,\nEnableVersioning:true,\nDraftVersionVisibility: 2\n        }"},"path":"/datasets/@{encodeURIComponent(encodeURIComponent(variables('TenantUrl'),'sites/',triggerBody()?['SiteUrl']))}/httprequest","authentication":"@parameters('$authentication')"}},"Set_Pages_versioning":{"runAfter":{"Set_Docs_versioning":["Succeeded"]},"metadata":{"flowSystemMetadata":{"swaggerOperationId":"HttpRequest"}},"type":"ApiConnection","inputs":{"host":{"connection":{"name":"@parameters('$connections')['shared_sharepointonline']['connectionId']"},"api":{"runtimeUrl":"https://uk-001.azure-apim.net/apim/sharepointonline"}},"method":"post","body":{"method":"POST","uri":"_api/web/lists/getByTitle('Site Pages')","headers":{"IF-MATCH":"*","Accept":"application/json;odata=verbose","X-HTTP-Method":"MERGE"},"body":"{\n            EnableMinorVersions: true,\nEnableModeration: true,\nEnableRequestSignOff: true,\nEnableVersioning:true,\nDraftVersionVisibility: 2\n        }"},"path":"/datasets/@{encodeURIComponent(encodeURIComponent(variables('TenantUrl'),'sites/',triggerBody()?['SiteUrl']))}/httprequest","authentication":"@parameters('$authentication')"}}},"runAfter":{"Create_homepage":["Succeeded"]},"type":"Scope"},"Add_in_content_approver_groups":{"actions":{"Add_new_content_approver_group":{"runAfter":{},"metadata":{"flowSystemMetadata":{"swaggerOperationId":"HttpRequest"}},"type":"ApiConnection","inputs":{"host":{"connection":{"name":"@parameters('$connections')['shared_sharepointonline']['connectionId']"},"api":{"runtimeUrl":"https://uk-001.azure-apim.net/apim/sharepointonline"}},"method":"post","body":{"method":"POST","uri":"_api/web/sitegroups","headers":{"accept":"application/json;odata=verbose","content-type":"application/json;odata=verbose","X-RequestDigest":"$(\"#_REQUESTDIGEST\").val()"},"body":"{\n'__metadata':{'type': 'SP.Group'},\n'Title': 'Content Approvers'\n}"},"path":"/datasets/@{encodeURIComponent(encodeURIComponent(variables('TenantUrl'),'sites/',triggerBody()?['SiteUrl']))}/httprequest","authentication":"@parameters('$authentication')"}},"Add_owner_role_to_content_approver":{"runAfter":{"Get_content_approver_details":["Succeeded"]},"metadata":{"flowSystemMetadata":{"swaggerOperationId":"HttpRequest"}},"type":"ApiConnection","inputs":{"host":{"connection":{"name":"@parameters('$connections')['shared_sharepointonline']['connectionId']"},"api":{"runtimeUrl":"https://uk-001.azure-apim.net/apim/sharepointonline"}},"method":"post","body":{"method":"POST","uri":"_api/web/roleassignments/addroleassignment(principalid=@{body('Get_content_approver_details')?['d']?['Id']},roleDefId=1073741829)","headers":{"Accept":"application/json;odata=verbose","Content-Type":"application/json;odata=verbose","X-RequestDigest":"$(\"#__REQUESTDIGEST\").val()"}},"path":"/datasets/@{encodeURIComponent(encodeURIComponent(variables('TenantUrl'),'sites/',triggerBody()?['SiteUrl']))}/httprequest","authentication":"@parameters('$authentication')"}},"Get_content_approver_details":{"runAfter":{"Add_new_content_approver_group":["Succeeded"]},"type":"ParseJson","inputs":{"content":"@body('Add_new_Content_Approver_group')","schema":{"type":"object","properties":{"d":{"type":"object","properties":{"__metadata":{"type":"object","properties":{"id":{"type":"string"},"uri":{"type":"string"},"type":{"type":"string"}}},"Owner":{"type":"object","properties":{"__deferred":{"type":"object","properties":{"uri":{"type":"string"}}}}},"Users":{"type":"object","properties":{"__deferred":{"type":"object","properties":{"uri":{"type":"string"}}}}},"Id":{"type":"integer"},"IsHiddenInUI":{"type":"boolean"},"LoginName":{"type":"string"},"Title":{"type":"string"},"PrincipalType":{"type":"integer"},"AllowMembersEditMembership":{"type":"boolean"},"AllowRequestToJoinLeave":{"type":"boolean"},"AutoAcceptRequestToJoinLeave":{"type":"boolean"},"Description":{},"OnlyAllowMembersViewMembership":{"type":"boolean"},"OwnerTitle":{"type":"string"},"RequestToJoinLeaveEmailSetting":{}}}}}}},"Add_user_to_content_approver_group":{"runAfter":{"Add_owner_role_to_content_approver":["Succeeded"]},"metadata":{"flowSystemMetadata":{"swaggerOperationId":"HttpRequest"}},"type":"ApiConnection","inputs":{"host":{"connection":{"name":"@parameters('$connections')['shared_sharepointonline']['connectionId']"},"api":{"runtimeUrl":"https://uk-001.azure-apim.net/apim/sharepointonline"}},"method":"post","body":{"method":"POST","uri":"_api/web/sitegroups(@{body('Get_content_approver_details')?['d']?['Id']})/users","headers":{"Accept":"application/json;odata=verbose","Content-Type":"application/json;odata=verbose","X-RequestDigest":"$(\"#_REQUESTDIGEST\").val()"},"body":"{ \n'__metadata': { 'type': 'SP.User' }, \n'LoginName':'@{variables('ContentApprovers')}' \n}"},"path":"/datasets/@{encodeURIComponent(encodeURIComponent(variables('TenantUrl'),'sites/',triggerBody()?['SiteUrl']))}/httprequest","authentication":"@parameters('$authentication')"}}},"runAfter":{"Add_users_to_standard_groups":["Succeeded"]},"type":"Scope"},"Add_users_to_standard_groups":{"actions":{"Ensure_user_for_Production_Services_team":{"runAfter":{"Apply_to_each_owners_group":["Succeeded"]},"metadata":{"flowSystemMetadata":{"swaggerOperationId":"HttpRequest"}},"type":"ApiConnection","inputs":{"host":{"connection":{"name":"@parameters('$connections')['shared_sharepointonline']['connectionId']"},"api":{"runtimeUrl":"https://uk-001.azure-apim.net/apim/sharepointonline"}},"method":"post","body":{"method":"POST","uri":"_api/web/ensureuser('@{variables('SCA')}')","headers":{"accept":"application/json;odata=verbose","content-type":"application/json;odata=verbose","X-RequestDigest":"$(\"#__REQUESTDIGEST\").val()"}},"path":"/datasets/@{encodeURIComponent(encodeURIComponent(variables('TenantUrl'),'sites/',triggerBody()?['SiteUrl']))}/httprequest","authentication":"@parameters('$authentication')"}},"Get_details_for_Production_Services_team":{"runAfter":{"Ensure_user_for_Production_Services_team":["Succeeded"]},"type":"ParseJson","inputs":{"content":"@body('Ensure_user_for_Production_Services_team')","schema":{"type":"object","properties":{"d":{"type":"object","properties":{"__metadata":{"type":"object","properties":{"id":{"type":"string"},"uri":{"type":"string"},"type":{"type":"string"}}},"Alerts":{"type":"object","properties":{"__deferred":{"type":"object","properties":{"uri":{"type":"string"}}}}},"Groups":{"type":"object","properties":{"__deferred":{"type":"object","properties":{"uri":{"type":"string"}}}}},"Id":{"type":"integer"},"IsHiddenInUI":{"type":"boolean"},"LoginName":{"type":"string"},"Title":{"type":"string"},"PrincipalType":{"type":"integer"},"Email":{"type":"string"},"Expiration":{"type":"string"},"IsEmailAuthenticationGuestUser":{"type":"boolean"},"IsShareByEmailGuestUser":{"type":"boolean"},"IsSiteAdmin":{"type":"boolean"},"UserId":{},"UserPrincipalName":{}}}}}}},"Add_Production_Services_as_site_collection_administrator":{"runAfter":{"Get_details_for_Production_Services_team":["Succeeded"]},"metadata":{"flowSystemMetadata":{"swaggerOperationId":"HttpRequest"}},"type":"ApiConnection","inputs":{"host":{"connection":{"name":"@parameters('$connections')['shared_sharepointonline']['connectionId']"},"api":{"runtimeUrl":"https://uk-001.azure-apim.net/apim/sharepointonline"}},"method":"post","body":{"method":"POST","uri":"_api/web/GetUserById(@{body('Get_details_for_Production_Services_team')?['d']?['Id']})","headers":{"accept":"application/json;odata=verbose","content-type":"application/json;odata=verbose","X-RequestDigest":"$(\"#__REQUESTDIGEST\").val()","X-HTTP-Method":"MERGE","If-Match":"*"},"body":"{\n '__metadata':{ 'type': 'SP.User' }, \n'IsSiteAdmin':'true' \n}"},"path":"/datasets/@{encodeURIComponent(encodeURIComponent(variables('TenantUrl'),'sites/',triggerBody()?['SiteUrl']))}/httprequest","authentication":"@parameters('$authentication')"}},"Get_SharePoint_groups_in_the_site":{"runAfter":{},"metadata":{"flowSystemMetadata":{"swaggerOperationId":"HttpRequest"}},"type":"ApiConnection","inputs":{"host":{"connection":{"name":"@parameters('$connections')['shared_sharepointonline']['connectionId']"},"api":{"runtimeUrl":"https://uk-001.azure-apim.net/apim/sharepointonline"}},"method":"post","body":{"method":"GET","uri":"_api/web/sitegroups","headers":{"Accept":"application/json;odata=verbose","Content-Type":"application/json;odata=verbose"}},"path":"/datasets/@{encodeURIComponent(encodeURIComponent(variables('TenantUrl'),'sites/',triggerBody()?['SiteUrl']))}/httprequest","authentication":"@parameters('$authentication')"}},"Get_SharePoint_group_details":{"runAfter":{"Get_SharePoint_groups_in_the_site":["Succeeded"]},"type":"ParseJson","inputs":{"content":"@body('Get_SharePoint_groups_in_the_site')","schema":{"type":"object","properties":{"d":{"type":"object","properties":{"results":{"type":"array","items":{"type":"object","properties":{"__metadata":{"type":"object","properties":{"id":{"type":"string"},"uri":{"type":"string"},"type":{"type":"string"}}},"Owner":{"type":"object","properties":{"__deferred":{"type":"object","properties":{"uri":{"type":"string"}}}}},"Users":{"type":"object","properties":{"__deferred":{"type":"object","properties":{"uri":{"type":"string"}}}}},"Id":{"type":"integer"},"IsHiddenInUI":{"type":"boolean"},"LoginName":{"type":"string"},"Title":{"type":"string"},"PrincipalType":{"type":"integer"},"AllowMembersEditMembership":{"type":"boolean"},"AllowRequestToJoinLeave":{"type":"boolean"},"AutoAcceptRequestToJoinLeave":{"type":"boolean"},"Description":{},"OnlyAllowMembersViewMembership":{"type":"boolean"},"OwnerTitle":{"type":"string"},"RequestToJoinLeaveEmailSetting":{}},"required":["__metadata","Owner","Users","Id","IsHiddenInUI","LoginName","Title","PrincipalType","AllowMembersEditMembership","AllowRequestToJoinLeave","AutoAcceptRequestToJoinLeave","Description","OnlyAllowMembersViewMembership","OwnerTitle","RequestToJoinLeaveEmailSetting"]}}}}}}}},"Apply_to_each_visitors_group":{"foreach":"@body('Get_SharePoint_group_details')?['d']?['results']","actions":{"Check_for_visitors_group":{"actions":{"Add_everyone_to_Visitors_group":{"runAfter":{},"metadata":{"flowSystemMetadata":{"swaggerOperationId":"HttpRequest"}},"type":"ApiConnection","inputs":{"host":{"connection":{"name":"@parameters('$connections')['shared_sharepointonline']['connectionId']"},"api":{"runtimeUrl":"https://uk-001.azure-apim.net/apim/sharepointonline"}},"method":"post","body":{"method":"POST","uri":"_api/web/sitegroups(@{items('Apply_to_each_visitors_group')?['Id']})/users","headers":{"Accept":"application/json;odata=verbose","Content-Type":"application/json;odata=verbose","X-RequestDigest":"$(\"#_REQUESTDIGEST\").val()"},"body":"{ \n'__metadata': { 'type': 'SP.User' }, \n'LoginName':'@{variables('Everyone')}'\n}"},"path":"/datasets/@{encodeURIComponent(encodeURIComponent(variables('TenantUrl'),'sites/',triggerBody()?['SiteUrl']))}/httprequest","authentication":"@parameters('$authentication')"}}},"runAfter":{},"expression":{"endsWith":["@items('Apply_to_each_visitors_group')?['Title']","Visitors"]},"type":"If"}},"runAfter":{"Get_SharePoint_group_details":["Succeeded"]},"type":"Foreach"},"Apply_to_each_owners_group":{"foreach":"@body('Get_SharePoint_group_details')?['d']?['results']","actions":{"Check_for_owners_group":{"actions":{"Add_e-Services_to_Owners_group":{"runAfter":{},"metadata":{"flowSystemMetadata":{"swaggerOperationId":"HttpRequest"}},"type":"ApiConnection","inputs":{"host":{"connection":{"name":"@parameters('$connections')['shared_sharepointonline']['connectionId']"},"api":{"runtimeUrl":"https://uk-001.azure-apim.net/apim/sharepointonline"}},"method":"post","body":{"method":"POST","uri":"_api/web/sitegroups(@{items('Apply_to_each_owners_group')?['Id']})/users","headers":{"Accept":"application/json;odata=verbose","Content-Type":"application/json;odata=verbose","X-RequestDigest":"$(\"#_REQUESTDIGEST\").val()"},"body":"{ \n'__metadata': { 'type': 'SP.User' }, \n'LoginName':'@{variables('Owners')}' \n}"},"path":"/datasets/@{encodeURIComponent(encodeURIComponent(variables('TenantUrl'),'sites/',triggerBody()?['SiteUrl']))}/httprequest","authentication":"@parameters('$authentication')"}}},"runAfter":{},"expression":{"endsWith":["@items('Apply_to_each_owners_group')?['Title']","Owners"]},"type":"If"}},"runAfter":{"Apply_to_each_members_group":["Succeeded"]},"type":"Foreach"},"Apply_to_each_members_group":{"foreach":"@body('Get_SharePoint_group_details')?['d']?['results']","actions":{"Check_for_members_group":{"actions":{"Add_Comms_to_Members_group":{"runAfter":{},"metadata":{"flowSystemMetadata":{"swaggerOperationId":"HttpRequest"}},"type":"ApiConnection","inputs":{"host":{"connection":{"name":"@parameters('$connections')['shared_sharepointonline']['connectionId']"},"api":{"runtimeUrl":"https://uk-001.azure-apim.net/apim/sharepointonline"}},"method":"post","body":{"method":"POST","uri":"_api/web/sitegroups(@{items('Apply_to_each_members_group')?['Id']})/users","headers":{"Accept":"application/json;odata=verbose","Content-Type":"application/json;odata=verbose","X-RequestDigest":"$(\"#_REQUESTDIGEST\").val()"},"body":"{ \n'__metadata': { 'type': 'SP.User' }, \n'LoginName':'@{variables('Members')}' \n}"},"path":"/datasets/@{encodeURIComponent(encodeURIComponent(variables('TenantUrl'),'sites/',triggerBody()?['SiteUrl']))}/httprequest","authentication":"@parameters('$authentication')"}}},"runAfter":{},"expression":{"endsWith":["","Members"]},"type":"If"}},"runAfter":{"Apply_to_each_visitors_group":["Succeeded"]},"type":"Foreach"}},"runAfter":{"Set_versioning_for_docs_and_pages":["Succeeded"]},"type":"Scope"},"Apply_site_design_and_hub":{"actions":{"Switch":{"runAfter":{},"cases":{"Directorate_Site":{"case":"Directorate","actions":{"Register_as_Hub_Site":{"runAfter":{"Apply_communication_site_design_to_directorate":["Succeeded"]},"metadata":{"flowSystemMetadata":{"swaggerOperationId":"HttpRequest"}},"type":"ApiConnection","inputs":{"host":{"connection":{"name":"@parameters('$connections')['shared_sharepointonline']['connectionId']"},"api":{"runtimeUrl":"https://uk-001.azure-apim.net/apim/sharepointonline"}},"method":"post","body":{"method":"POST","uri":"_api/site/RegisterHubSite","headers":{"Accept":"application/json;odata=verbose"}},"path":"/datasets/@{encodeURIComponent(encodeURIComponent(variables('TenantUrl'),'sites/',triggerBody()?['SiteUrl']))}/httprequest","authentication":"@parameters('$authentication')"}},"Apply_communication_site_design_to_directorate":{"runAfter":{},"metadata":{"flowSystemMetadata":{"swaggerOperationId":"HttpRequest"}},"type":"ApiConnection","inputs":{"host":{"connection":{"name":"@parameters('$connections')['shared_sharepointonline']['connectionId']"},"api":{"runtimeUrl":"https://uk-001.azure-apim.net/apim/sharepointonline"}},"method":"post","body":{"method":"POST","uri":"_api/Microsoft.Sharepoint.Utilities.WebTemplateExtensions.SiteScriptUtility.AddSiteDesignTaskToCurrentWeb","headers":{"accept":"application/json;odata=verbose","content-type":"application/json;odata=verbose","X-RequestDigest":"$(\"#_REQUESTDIGEST\").val()"},"body":"{\n'siteDesignId':'@{variables('CommSiteDesignId')}'\n}"},"path":"/datasets/@{encodeURIComponent(encodeURIComponent(variables('TenantUrl'),'sites/',triggerBody()?['SiteUrl']))}/httprequest","authentication":"@parameters('$authentication')"}}}},"Department_Site":{"case":"Department","actions":{"Get_Hub_Site_Details":{"runAfter":{"Get_Hub_Site_ID":["Succeeded"]},"type":"ParseJson","inputs":{"content":"@body('Get_Hub_Site_ID')","schema":{"type":"object","properties":{"d":{"type":"object","properties":{"results":{"type":"array","items":{"type":"object","properties":{"__metadata":{"type":"object","properties":{"id":{"type":"string"},"uri":{"type":"string"},"etag":{"type":"string"},"type":{"type":"string"}}},"SiteId":{"type":"string"}},"required":["__metadata","SiteId"]}}}}}}}},"Join_hub_site":{"runAfter":{"Get_Hub_Site_Details":["Succeeded"]},"metadata":{"flowSystemMetadata":{"swaggerOperationId":"JoinHubSite"}},"type":"ApiConnection","inputs":{"host":{"connection":{"name":"@parameters('$connections')['shared_sharepointonline']['connectionId']"},"api":{"runtimeUrl":"https://uk-001.azure-apim.net/apim/sharepointonline"}},"method":"post","path":"/datasets/@{encodeURIComponent(encodeURIComponent(variables('TenantUrl'),'sites/',triggerBody()?['SiteUrl']))}/joinhubsite","queries":{"hubSiteId":"@{first(body('Get_hub_site_details')?['d']?['results'])['SiteId']}"},"authentication":"@parameters('$authentication')"}},"Apply_communication_site_design_to_department":{"runAfter":{},"metadata":{"flowSystemMetadata":{"swaggerOperationId":"HttpRequest"}},"type":"ApiConnection","inputs":{"host":{"connection":{"name":"@parameters('$connections')['shared_sharepointonline']['connectionId']"},"api":{"runtimeUrl":"https://uk-001.azure-apim.net/apim/sharepointonline"}},"method":"post","body":{"method":"POST","uri":"_api/Microsoft.Sharepoint.Utilities.WebTemplateExtensions.SiteScriptUtility.AddSiteDesignTaskToCurrentWeb","headers":{"accept":"application/json;odata=verbose","content-type":"application/json;odata=verbose","X-RequestDigest":"$(\"#_REQUESTDIGEST\").val()"},"body":"{\n'siteDesignId':'@{variables('CommSiteDesignId')}'\n}"},"path":"/datasets/@{encodeURIComponent(encodeURIComponent(variables('TenantUrl'),'sites/',triggerBody()?['SiteUrl']))}/httprequest","authentication":"@parameters('$authentication')"}},"Get_Hub_Site_ID":{"runAfter":{"Apply_communication_site_design_to_department":["Succeeded"]},"metadata":{"flowSystemMetadata":{"swaggerOperationId":"HttpRequest"}},"type":"ApiConnection","inputs":{"host":{"connection":{"name":"@parameters('$connections')['shared_sharepointonline']['connectionId']"},"api":{"runtimeUrl":"https://uk-001.azure-apim.net/apim/sharepointonline"}},"method":"post","body":{"method":"GET","uri":"_api/hubsites?$filter=SiteUrl%20eq%20%27https://glenshire.sharepoint.com/sites/@{triggerBody()?['Directorate_x003a_SiteUrl']?['Value']}%27&$select=SiteId"},"path":"/datasets/@{encodeURIComponent(encodeURIComponent(variables('TenantUrl')))}/httprequest","authentication":"@parameters('$authentication')"}}}}},"default":{"actions":{"Apply_team_site_design":{"runAfter":{},"metadata":{"flowSystemMetadata":{"swaggerOperationId":"HttpRequest"}},"type":"ApiConnection","inputs":{"host":{"connection":{"name":"@parameters('$connections')['shared_sharepointonline']['connectionId']"},"api":{"runtimeUrl":"https://uk-001.azure-apim.net/apim/sharepointonline"}},"method":"post","body":{"method":"POST","uri":"_api/Microsoft.Sharepoint.Utilities.WebTemplateExtensions.SiteScriptUtility.AddSiteDesignTaskToCurrentWeb","headers":{"accept":"application/json;odata=verbose","content-type":"application/json;odata=verbose","X-RequestDigest":"$(\"#_REQUESTDIGEST\").val()"},"body":"{\n'siteDesignId':'@{variables('TeamSiteDesignId')}'\n}"},"path":"/datasets/@{encodeURIComponent(encodeURIComponent('https://glenshire.sharepoint.com/sites/', triggerBody()?['SiteUrl']))}/httprequest","authentication":"@parameters('$authentication')"}}}},"expression":"@triggerBody()?['SiteType']?['Value']","type":"Switch"}},"runAfter":{"Add_in_content_approver_groups":["Succeeded"]},"type":"Scope"},"Add_flow_running_account_as_site_collection_administrator":{"actions":{"Ensure_user_for_adding_to_SCA":{"runAfter":{},"metadata":{"flowSystemMetadata":{"swaggerOperationId":"HttpRequest"}},"type":"ApiConnection","inputs":{"host":{"connection":{"name":"@parameters('$connections')['shared_sharepointonline']['connectionId']"},"api":{"runtimeUrl":"https://uk-001.azure-apim.net/apim/sharepointonline"}},"method":"post","body":{"method":"POST","uri":"_api/web/ensureuser('@{variables('Flow Owner')}')","headers":{"accept":"application/json;odata=verbose","content-type":"application/json;odata=verbose","X-RequestDigest":"$(\"#__REQUESTDIGEST\").val()"}},"path":"/datasets/@{encodeURIComponent(encodeURIComponent(variables('TenantUrl'),'sites/',triggerBody()?['SiteUrl']))}/httprequest","authentication":"@parameters('$authentication')"}},"Get_details_for_SCA":{"runAfter":{"Ensure_user_for_adding_to_SCA":["Succeeded"]},"type":"ParseJson","inputs":{"content":"@body('Ensure_user_for_adding_to_SCA')","schema":{"type":"object","properties":{"d":{"type":"object","properties":{"__metadata":{"type":"object","properties":{"id":{"type":"string"},"uri":{"type":"string"},"type":{"type":"string"}}},"Alerts":{"type":"object","properties":{"__deferred":{"type":"object","properties":{"uri":{"type":"string"}}}}},"Groups":{"type":"object","properties":{"__deferred":{"type":"object","properties":{"uri":{"type":"string"}}}}},"Id":{"type":"integer"},"IsHiddenInUI":{"type":"boolean"},"LoginName":{"type":"string"},"Title":{"type":"string"},"PrincipalType":{"type":"integer"},"Email":{"type":"string"},"Expiration":{"type":"string"},"IsEmailAuthenticationGuestUser":{"type":"boolean"},"IsShareByEmailGuestUser":{"type":"boolean"},"IsSiteAdmin":{"type":"boolean"},"UserId":{},"UserPrincipalName":{}}}}}}},"Add_user_as_SCA":{"runAfter":{"Get_details_for_SCA":["Succeeded"]},"metadata":{"flowSystemMetadata":{"swaggerOperationId":"HttpRequest"}},"type":"ApiConnection","inputs":{"host":{"connection":{"name":"@parameters('$connections')['shared_sharepointonline']['connectionId']"},"api":{"runtimeUrl":"https://uk-001.azure-apim.net/apim/sharepointonline"}},"method":"post","body":{"method":"POST","uri":"_api/web/GetUserById(@{body('Get_details_for_SCA')?['d']?['Id']})","headers":{"accept":"application/json;odata=verbose","content-type":"application/json;odata=verbose","X-RequestDigest":"$(\"#__REQUESTDIGEST\").val()","X-HTTP-Method":"MERGE","If-Match":"*"},"body":"{\n '__metadata':{ 'type': 'SP.User' }, \n'IsSiteAdmin':'true' \n}"},"path":"/datasets/@{encodeURIComponent(encodeURIComponent(variables('TenantUrl'),'sites/',triggerBody()?['SiteUrl']))}/httprequest","authentication":"@parameters('$authentication')"}}},"runAfter":{"Process_site_depending_on_type":["Succeeded"]},"type":"Scope"},"Navigation":{"actions":{"Add_navigation_based_on_type":{"runAfter":{},"cases":{"Directorate_Site":{"case":"Directorate","actions":{"Add_navigation_element_-_Intranet":{"runAfter":{},"metadata":{"flowSystemMetadata":{"swaggerOperationId":"HttpRequest"}},"type":"ApiConnection","inputs":{"host":{"connection":{"name":"@parameters('$connections')['shared_sharepointonline']['connectionId']"},"api":{"runtimeUrl":"https://uk-001.azure-apim.net/apim/sharepointonline"}},"method":"post","body":{"method":"POST","uri":"_api/web/navigation/TopNavigationbar","headers":{"accept":"application/json;odata=verbose","content-type":"application/json;odata=verbose","X-RequestDigest":"$(\"#_REQUESTDIGEST\").val()"},"body":"{\n'__metadata': { type: 'SP.NavigationNode' },\n'IsExternal': false,\n'Title': '🏠 iWarwickshire',\n'Url': 'https://warwickshiregovuk.sharepoint.com/'\n}"},"path":"/datasets/@{encodeURIComponent(encodeURIComponent(variables('TenantUrl'),'sites/',triggerBody()?['SiteUrl']))}/httprequest","authentication":"@parameters('$authentication')"}},"Add_navigation_element_-_Department_folder":{"runAfter":{"Add_navigation_element_-_Intranet":["Succeeded"]},"metadata":{"flowSystemMetadata":{"swaggerOperationId":"HttpRequest"}},"type":"ApiConnection","inputs":{"host":{"connection":{"name":"@parameters('$connections')['shared_sharepointonline']['connectionId']"},"api":{"runtimeUrl":"https://uk-001.azure-apim.net/apim/sharepointonline"}},"method":"post","body":{"method":"POST","uri":"_api/web/navigation/TopNavigationbar","headers":{"accept":"application/json;odata=verbose","content-type":"application/json;odata=verbose","X-RequestDigest":"$(\"#_REQUESTDIGEST\").val()"},"body":"{\n'__metadata': { type: 'SP.NavigationNode' },\n'IsExternal': false,\n'Title': 'Departments'\n}"},"path":"/datasets/@{encodeURIComponent(encodeURIComponent(variables('TenantUrl'),'sites/',triggerBody()?['SiteUrl']))}/httprequest","authentication":"@parameters('$authentication')"}},"Add_navigation_element_-_People_finder":{"runAfter":{"Add_navigation_element_-_Mi.Warwickshire":["Succeeded"]},"metadata":{"flowSystemMetadata":{"swaggerOperationId":"HttpRequest"}},"type":"ApiConnection","inputs":{"host":{"connection":{"name":"@parameters('$connections')['shared_sharepointonline']['connectionId']"},"api":{"runtimeUrl":"https://uk-001.azure-apim.net/apim/sharepointonline"}},"method":"post","body":{"method":"POST","uri":"_api/web/navigation/TopNavigationbar","headers":{"accept":"application/json;odata=verbose","content-type":"application/json;odata=verbose","X-RequestDigest":"$(\"#_REQUESTDIGEST\").val()"},"body":"{\n'__metadata': { type: 'SP.NavigationNode' },\n'IsExternal': false,\n'Title': '🔎 People Finder',\n'Url': 'https://warwickshiregovuk.sharepoint.com/_layouts/15/search.aspx/people'\n}"},"path":"/datasets/@{encodeURIComponent(encodeURIComponent(variables('TenantUrl'),'sites/',triggerBody()?['SiteUrl']))}/httprequest","authentication":"@parameters('$authentication')"}},"Add_navigation_element_-_Mi.Warwickshire":{"runAfter":{"Add_navigation_element_-_Department_folder":["Succeeded"]},"metadata":{"flowSystemMetadata":{"swaggerOperationId":"HttpRequest"}},"type":"ApiConnection","inputs":{"host":{"connection":{"name":"@parameters('$connections')['shared_sharepointonline']['connectionId']"},"api":{"runtimeUrl":"https://uk-001.azure-apim.net/apim/sharepointonline"}},"method":"post","body":{"method":"POST","uri":"_api/web/navigation/TopNavigationbar","headers":{"accept":"application/json;odata=verbose","content-type":"application/json;odata=verbose","X-RequestDigest":"$(\"#_REQUESTDIGEST\").val()"},"body":"{\n'__metadata': { type: 'SP.NavigationNode' },\n'IsExternal': false,\n'Title': 'Mi.Warwickshire',\n'Url': 'https://warwickshiregovuk.sharepoint.com/SitePages/MyConnect.aspx'\n}"},"path":"/datasets/@{encodeURIComponent(encodeURIComponent(variables('TenantUrl'),'sites/',triggerBody()?['SiteUrl']))}/httprequest","authentication":"@parameters('$authentication')"}}}},"Department_Site":{"case":"Department","actions":{"Add_navigation_element_-_Find_hub_navigation":{"runAfter":{},"metadata":{"flowSystemMetadata":{"swaggerOperationId":"HttpRequest"}},"type":"ApiConnection","inputs":{"host":{"connection":{"name":"@parameters('$connections')['shared_sharepointonline']['connectionId']"},"api":{"runtimeUrl":"https://uk-001.azure-apim.net/apim/sharepointonline"}},"method":"post","body":{"method":"GET","uri":"_api/web/navigation/TopNavigationbar?$filter=Title%20eq%20%27Departments%27","headers":{"accept":"application/json;odata=verbose","content-type":"application/json;odata=verbose"}},"path":"/datasets/@{encodeURIComponent(encodeURIComponent(variables('TenantUrl'),'sites/',triggerBody()?['Directorate_x003a_SiteUrl']?['Value']))}/httprequest","authentication":"@parameters('$authentication')"}},"Get_details_for_hub_site":{"runAfter":{"Add_navigation_element_-_Find_hub_navigation":["Succeeded"]},"type":"ParseJson","inputs":{"content":"@body('Add_navigation_element_-_Find_hub_navigation')","schema":{"type":"object","properties":{"d":{"type":"object","properties":{"results":{"type":"array","items":{"type":"object","properties":{"__metadata":{"type":"object","properties":{"id":{"type":"string"},"uri":{"type":"string"},"type":{"type":"string"}}},"Children":{"type":"object","properties":{"__deferred":{"type":"object","properties":{"uri":{"type":"string"}}}}},"AudienceIds":{},"Id":{"type":"integer"},"IsDocLib":{"type":"boolean"},"IsExternal":{"type":"boolean"},"IsVisible":{"type":"boolean"},"ListTemplateType":{"type":"integer"},"Title":{"type":"string"},"Url":{"type":"string"}},"required":["__metadata","Children","AudienceIds","Id","IsDocLib","IsExternal","IsVisible","ListTemplateType","Title","Url"]}}}}}}}},"Apply_to_each_directorate":{"foreach":"@body('Get_details_for_hub_site')?['d']?['results']","actions":{"Add_navigation_element_-_Department_to_directorate":{"runAfter":{},"metadata":{"flowSystemMetadata":{"swaggerOperationId":"HttpRequest"}},"type":"ApiConnection","inputs":{"host":{"connection":{"name":"@parameters('$connections')['shared_sharepointonline']['connectionId']"},"api":{"runtimeUrl":"https://uk-001.azure-apim.net/apim/sharepointonline"}},"method":"post","body":{"method":"POST","uri":"_api/web/navigation/GetNodeById(@{items('Apply_to_each_directorate')?['Id']})/Children","headers":{"accept":"application/json;odata=verbose","content-type":"application/json;odata=verbose","X-RequestDigest":"$(\"#_REQUESTDIGEST\").val()"},"body":"{\n'__metadata': { type: 'SP.NavigationNode' },\n'IsExternal': false,\n'Title': '@{triggerBody()?['Title']}',\n'Url': 'https://glenshire.sharepoint.com/sites/@{triggerBody()?['SiteUrl']}'\n}"},"path":"/datasets/@{encodeURIComponent(encodeURIComponent(variables('TenantUrl'),'sites/',triggerBody()?['Directorate_x003a_SiteUrl']?['Value']))}/httprequest","authentication":"@parameters('$authentication')"}}},"runAfter":{"Get_details_for_hub_site":["Succeeded"]},"type":"Foreach"}}}},"default":{"actions":{}},"expression":"@triggerBody()?['SiteType']?['Value']","type":"Switch"}},"runAfter":{"Apply_site_design_and_hub":["Succeeded"]},"type":"Scope"},"Add_webhooks":{"actions":{"Get_Documents_List_Id":{"runAfter":{},"metadata":{"flowSystemMetadata":{"swaggerOperationId":"HttpRequest"}},"type":"ApiConnection","inputs":{"host":{"connection":{"name":"@parameters('$connections')['shared_sharepointonline']['connectionId']"},"api":{"runtimeUrl":"https://uk-001.azure-apim.net/apim/sharepointonline"}},"method":"post","body":{"method":"GET","uri":"_api/web/lists/getbytitle('Documents')?$select=Title,Id"},"path":"/datasets/@{encodeURIComponent(encodeURIComponent(variables('TenantUrl'),'sites/',triggerBody()?['SiteUrl']))}/httprequest","authentication":"@parameters('$authentication')"}},"Add_webhook_to_documents":{"runAfter":{"Get_Documents_List_ID_details":["Succeeded"]},"metadata":{"flowSystemMetadata":{"swaggerOperationId":"HttpRequest"}},"type":"ApiConnection","inputs":{"host":{"connection":{"name":"@parameters('$connections')['shared_sharepointonline']['connectionId']"},"api":{"runtimeUrl":"https://uk-001.azure-apim.net/apim/sharepointonline"}},"method":"post","body":{"method":"POST","uri":"_api/web/lists('@{body('Get_Documents_List_ID_details')?['d']?['Id']}')/subscriptions","body":"{\n      \"resource\": \"@{variables('TenantUrl')}sites/@{triggerBody()?['SiteUrl']}/_api/web/lists/getbytitle('Documents')\",\n      \"notificationUrl\": \"@{variables('WebHookUrl')}\",\n      \"expirationDateTime\": \"@{addDays(utcNow(),180)}\",\n      \"clientState\": \"A0A354EC-97D4-4D83-9DDB-144077ADB449\"\n    }"},"path":"/datasets/@{encodeURIComponent(encodeURIComponent(variables('TenantUrl'),'sites/',triggerBody()?['SiteUrl']))}/httprequest","authentication":"@parameters('$authentication')"}},"Get_Documents_List_ID_details":{"runAfter":{"Get_Documents_List_Id":["Succeeded"]},"type":"ParseJson","inputs":{"content":"@body('Get_Documents_List_Id')","schema":{"type":"object","properties":{"d":{"type":"object","properties":{"__metadata":{"type":"object","properties":{"id":{"type":"string"},"uri":{"type":"string"},"etag":{"type":"string"},"type":{"type":"string"}}},"Id":{"type":"string"},"Title":{"type":"string"}}}}}}},"Get_Pages_List_Id":{"runAfter":{"Add_webhook_to_documents":["Succeeded"]},"metadata":{"flowSystemMetadata":{"swaggerOperationId":"HttpRequest"}},"type":"ApiConnection","inputs":{"host":{"connection":{"name":"@parameters('$connections')['shared_sharepointonline']['connectionId']"},"api":{"runtimeUrl":"https://uk-001.azure-apim.net/apim/sharepointonline"}},"method":"post","body":{"method":"GET","uri":"_api/web/lists/getbytitle('site pages')?$select=Title,Id"},"path":"/datasets/@{encodeURIComponent(encodeURIComponent(variables('TenantUrl'), 'sites/', triggerBody()?['SiteUrl']))}/httprequest","authentication":"@parameters('$authentication')"}},"Get_Pages_List_ID_details":{"runAfter":{"Get_Pages_List_Id":["Succeeded"]},"type":"ParseJson","inputs":{"content":"@body('Get_Documents_List_Id')","schema":{"type":"object","properties":{"d":{"type":"object","properties":{"__metadata":{"type":"object","properties":{"id":{"type":"string"},"uri":{"type":"string"},"etag":{"type":"string"},"type":{"type":"string"}}},"Id":{"type":"string"},"Title":{"type":"string"}}}}}}},"Add_webhook_to_pages":{"runAfter":{"Get_Pages_List_ID_details":["Succeeded"]},"metadata":{"flowSystemMetadata":{"swaggerOperationId":"HttpRequest"}},"type":"ApiConnection","inputs":{"host":{"connection":{"name":"@parameters('$connections')['shared_sharepointonline']['connectionId']"},"api":{"runtimeUrl":"https://uk-001.azure-apim.net/apim/sharepointonline"}},"method":"post","body":{"method":"POST","uri":"_api/web/lists('@{body('Get_Documents_List_ID_details')?['d']?['Id']}')/subscriptions","body":"{\n      \"resource\": \"@{variables('TenantUrl')}sites/@{triggerBody()?['SiteUrl']}/_api/web/lists/getbytitle('Site Pages')\",\n      \"notificationUrl\": \"@{variables('WebHookUrl')}\",\n      \"expirationDateTime\": \"@{addDays(utcNow(), 180)}\",\n      \"clientState\": \"A0A354EC-97D4-4D83-9DDB-144077ADB449\"\n    }"},"path":"/datasets/@{encodeURIComponent(encodeURIComponent(variables('TenantUrl'), 'sites/', triggerBody()?['SiteUrl']))}/httprequest","authentication":"@parameters('$authentication')"}}},"runAfter":{"Navigation":["Succeeded"]},"type":"Scope"}},"runAfter":{"Start_and_wait_for_approval":["Succeeded"]},"expression":{"equals":["@body('Wait_for_an_approval')?['outcome']","Approve"]},"type":"If"},"Initialize_CommSiteDesignId":{"runAfter":{"Initialize_CanvasContent1":["Succeeded"]},"type":"InitializeVariable","inputs":{"variables":[{"name":"CommSiteDesignId","type":"String","value":"a0b83e0d-679e-4cc1-a437-31847d129634"}]}},"Initialize_TeamSiteDesignId":{"runAfter":{"Initialize_CommSiteDesignId":["Succeeded"]},"type":"InitializeVariable","inputs":{"variables":[{"name":"TeamSiteDesignId","type":"String","value":"92277733-717c-42e0-837b-c466a4d26a0a"}]}},"Initialize_FlowOwner":{"runAfter":{"Initialize_TeamSiteDesignId":["Succeeded"]},"type":"InitializeVariable","inputs":{"variables":[{"name":"Flow Owner","type":"String","value":"Kevin.McDonnell@glenshire.onmicrosoft.com"}]}},"Initialize_EveryoneInVisitorsGroup":{"runAfter":{"Initialize_FlowOwner":["Succeeded"]},"type":"InitializeVariable","inputs":{"variables":[{"name":"Everyone","type":"String","value":"c:0-.f|rolemanager|spo-grid-all-users/6a0006ff-a17d-4d7e-9612-3174aa905ea9"}]}},"Initialize_CommsInMembersGroup":{"runAfter":{"Initialize_EveryoneInVisitorsGroup":["Succeeded"]},"type":"InitializeVariable","inputs":{"variables":[{"name":"Members","type":"String","value":"c:0t.c|tenant|b81a6de0-3d98-4099-9df3-389c3d37f823"}]}},"Initialize_e-ServicesInOwnersGroup":{"runAfter":{"Initialize_CommsInMembersGroup":["Succeeded"]},"type":"InitializeVariable","inputs":{"variables":[{"name":"Owners","type":"String","value":"c:0t.c|tenant|bbaacf41-2a83-4a95-a9e0-e491a462c9f3"}]}},"Initialize_ProductionServicesSCA":{"runAfter":{"Initialize_e-ServicesInOwnersGroup":["Succeeded"]},"type":"InitializeVariable","inputs":{"variables":[{"name":"SCA","type":"String","value":"c:0t.c|tenant|36103c50-4277-4363-8191-0f84cc518ee1"}]}},"Initialize_AddUserToContentApprover":{"runAfter":{"Initialize_ProductionServicesSCA":["Succeeded"]},"type":"InitializeVariable","inputs":{"variables":[{"name":"ContentApprovers","type":"String","value":"i:0#.f|membership|PermissionTest@glenshire.onmicrosoft.com"}]}},"Initialize_AdaptiveCard":{"runAfter":{"Initialize_AddUserToContentApprover":["Succeeded"]},"type":"InitializeVariable","inputs":{"variables":[{"name":"Adaptive Card","type":"String"}]}},"Start_and_wait_for_approval":{"actions":{"Create_an_approval":{"runAfter":{},"metadata":{"flowSystemMetadata":{"swaggerOperationId":"CreateAnApproval"}},"type":"ApiConnection","inputs":{"host":{"connection":{"name":"@parameters('$connections')['shared_approvals_1']['connectionId']"},"api":{"runtimeUrl":"https://uk-001.azure-apim.net/apim/approvals"}},"method":"post","body":{"title":"Site request","assignedTo":"Kevin.McDonnell@glenshire.onmicrosoft.com;William.Wright@glenshire.onmicrosoft.com;","itemLink":"@triggerBody()?['{Link}']","itemLinkDescription":"@triggerBody()?['Title']","requestor":"@{triggerBody()?['Author']?['Email']};","enableNotifications":true,"enableReassignment":true},"path":"/types/@{encodeURIComponent('Basic')}","authentication":"@parameters('$authentication')"}},"Wait_for_an_approval":{"runAfter":{"Set_variable":["Succeeded"]},"metadata":{"flowSystemMetadata":{"swaggerOperationId":"WaitForAnApproval"}},"type":"ApiConnectionWebhook","inputs":{"host":{"connection":{"name":"@parameters('$connections')['shared_approvals_1']['connectionId']"},"api":{"runtimeUrl":"https://uk-001.azure-apim.net/apim/approvals"}},"body":{"notificationUrl":"@{listCallbackUrl()}"},"path":"/approvals/@{encodeURIComponent(body('Create_an_approval')?['name'])}/subscriptions","authentication":"@parameters('$authentication')"}},"Set_variable":{"runAfter":{"Create_an_approval":["Succeeded"]},"type":"SetVariable","inputs":{"name":"Adaptive Card","value":"{\n    \"type\": \"AdaptiveCard\",\n    \"version\": \"1.0\",\n    \"body\": [\n        {\n            \"type\": \"Image\",\n            \"url\": \"https://aka.ms/approvals-logo\"\n        },\n        {\n            \"type\": \"TextBlock\",\n            \"size\": \"Large\",\n            \"weight\": \"Bolder\",\n            \"text\": \"@{body('Create_an_approval')?['title']}\"\n        },\n        {\n            \"type\": \"TextBlock\",\n            \"text\": \"Requested by @{triggerBody()?['Author']?['DisplayName']} <@{triggerBody()?['Author']?['Email']}>\",\n            \"wrap\": true\n        },\n        {\n            \"type\": \"FactSet\",\n            \"facts\": [\n                {\n                    \"title\": \"Date Created\",\n                    \"value\": \"@{triggerBody()?['Created']}\"\n                },\n                {\n                    \"title\": \"Link\",\n                    \"value\": \"[@{body('Create_an_approval')?['title']}](@{body('Create_an_approval')?['itemLink']})\"\n                }\n            ]\n        }\n    ],\n    \"actions\": [\n        {\n            \"type\": \"Action.ShowCard\",\n            \"card\": {\n                \"type\": \"AdaptiveCard\",\n                \"version\": \"1.0\",\n                \"body\": [\n                    {\n                        \"type\": \"TextBlock\",\n                        \"text\": \"Comments\",\n                        \"wrap\": true\n                    },\n                    {\n                        \"type\": \"Input.Text\",\n                        \"id\": \"comments1\",\n                        \"placeholder\": \"Enter comments\",\n                        \"isMultiline\": true,\n                        \"maxLength\": 1000\n                    }\n                ],\n                \"actions\": [\n                    {\n                        \"type\": \"Action.Submit\",\n                        \"data\": {\n                            \"Environment\": \"Default-6a0006ff-a17d-4d7e-9612-3174aa905ea9\",\n                            \"ApprovalTitle\": \"Site request\",\n                            \"ApprovalLink\": \"https://flow.microsoft.com/manage/environments/Default-6a0006ff-a17d-4d7e-9612-3174aa905ea9/approvals/received/@{body('Create_an_approval')?['name']}\",\n                            \"ApprovalName\": \"@{body('Create_an_approval')?['name']}\",\n                            \"ItemLink\": \"@{body('Create_an_approval')?['itemLink']}\",\n                            \"ItemLinkDescription\": \"@{triggerBody()?['Title']}\",\n                            \"OnBehalfOfNotice\": \"Requested by @{triggerBody()?['Author']?['DisplayName']} <@{triggerBody()?['Author']?['Email']}>\",\n                            \"CreatorName\": \"@{triggerBody()?['Author']?['DisplayName']}\",\n                            \"CreatorEmail\": \"@{triggerBody()?['Author']?['Email']}\",\n                            \"CreationTime\": \"@{triggerBody()?['Created']}\",\n                            \"MessageTitle\": \"Site request\",\n                            \"Options\": [\n                                \"Approve\",\n                                \"Reject\"\n                            ],\n                            \"SelectedOption\": \"Approve\",\n                            \"ActionType\": 1\n                        },\n                        \"title\": \"Submit\"\n                    }\n                ],\n                \"$schema\": \"http://adaptivecards.io/schemas/adaptive-card.json\"\n            },\n            \"title\": \"Approve\"\n        },\n        {\n            \"type\": \"Action.ShowCard\",\n            \"card\": {\n                \"type\": \"AdaptiveCard\",\n                \"version\": \"1.0\",\n                \"body\": [\n                    {\n                        \"type\": \"TextBlock\",\n                        \"text\": \"Comments\",\n                        \"wrap\": true\n                    },\n                    {\n                        \"type\": \"Input.Text\",\n                        \"id\": \"comments2\",\n                        \"placeholder\": \"Enter comments\",\n                        \"isMultiline\": true,\n                        \"maxLength\": 1000\n                    }\n                ],\n                \"actions\": [\n                    {\n                        \"type\": \"Action.Submit\",\n                        \"data\": {\n                            \"Environment\": \"Default-6a0006ff-a17d-4d7e-9612-3174aa905ea9\",\n                            \"ApprovalTitle\": \"Site request\",\n                            \"ApprovalLink\": \"https://flow.microsoft.com/manage/environments/Default-6a0006ff-a17d-4d7e-9612-3174aa905ea9/approvals/received/@{body('Create_an_approval')?['name']}\",\n                            \"ApprovalName\": \"@{body('Create_an_approval')?['name']}\",\n                            \"ItemLink\": \"@{body('Create_an_approval')?['itemLink']}\",\n                            \"ItemLinkDescription\": \"@{triggerBody()?['Title']}\",\n                            \"OnBehalfOfNotice\": \"Requested by @{triggerBody()?['Author']?['DisplayName']} <@{triggerBody()?['Author']?['Email']}>\",\n                            \"CreatorName\": \"@{triggerBody()?['Author']?['DisplayName']}\",\n                            \"CreatorEmail\": \"@{triggerBody()?['Author']?['Email']}\",\n                            \"CreationTime\": \"@{triggerBody()?['Created']}\",\n                            \"MessageTitle\": \"Site request\",\n                            \"Options\": [\n                                \"Approve\",\n                                \"Reject\"\n                            ],\n                            \"SelectedOption\": \"Reject\",\n                            \"ActionType\": 1\n                        },\n                        \"title\": \"Submit\"\n                    }\n                ],\n                \"$schema\": \"http://adaptivecards.io/schemas/adaptive-card.json\"\n            },\n            \"title\": \"Reject\"\n        }\n    ],\n    \"$schema\": \"http://adaptivecards.io/schemas/adaptive-card.json\"\n}"}}},"runAfter":{"Initialize_WebHookUrl":["Succeeded"]},"type":"Scope"},"Initialize_TenantUrl":{"runAfter":{"Initialize_AdaptiveCard":["Succeeded"]},"type":"InitializeVariable","inputs":{"variables":[{"name":"TenantUrl","type":"String","value":"https://glenshire.sharepoint.com/"}]}},"Initialize_WebHookUrl":{"runAfter":{"Initialize_TenantUrl":["Succeeded"]},"type":"InitializeVariable","inputs":{"variables":[{"name":"WebHookUrl","type":"String","value":"https://crosssiteapprovalsfunctionsdev.azurewebsites.net/api/CrossSiteApprovalsWebhook?code=BnaKiiAkH4AR5zXNug87YbmZpBlFwkA9TiUqa5BeSnoMkZn9iZwG9g=="}]}}},"outputs":{}},"connectionReferences":{"shared_sharepointonline":{"connectionName":"shared-sharepointonl-a8036be2-e535-4319-bbfc-2072c5eb63a1","source":"Embedded","id":"/providers/Microsoft.PowerApps/apis/shared_sharepointonline","tier":"NotSpecified"},"shared_approvals_1":{"connectionName":"shared-approvals-32063f22-c103-41d3-a8ac-7dab4c12ffb8","source":"Embedded","id":"/providers/Microsoft.PowerApps/apis/shared_approvals","tier":"NotSpecified"}},"flowFailureAlertSubscribed":false}}